source,name,category,address,district,postal_code,phone,email,website,lon,lat,raw_id
datagv,,,"07., Bandgasse 4",7,,,,http://www.brillantengrund.com,16.34607701,48.20079407,404113
datagv,,,"06., Papagenogasse 6",6,,,,https://www.hotel-beethoven.at/,16.36423901,48.20006407,404114
datagv,,,"01., Petersplatz 9",1,,,,http://www.hotel-wandl.com,16.37037601,48.20970307,404115
datagv,,,"07., Halbgasse 3-5",7,,,,https://hoteltheweekend.at/,16.34153901,48.20330407,404116
datagv,,,"01., Opernring 11",1,,,,https://o11-hotel.com/,16.36692301,48.20268207,404117
datagv,,,"01., Philharmonikerstraße 4",1,,,,https://www.sacher.com/de/wien/,16.369552,48.20394707,404118
datagv,,,"04., Favoritenstraße 52",4,,,,https://www.marriott.com/en-us/hotels/viehx-four-points-flex-vienna-hauptbahnhof/overview/,16.372223,48.18931507,404119
datagv,,,"02., Franzensbrückenstraße 26",2,,,,https://all.accor.com/hotel/B1C2/index.de.shtml?utm_campaign=seo+maps&utm_medium=seo+maps&utm_source=google+Maps,16.39100001,48.21452007,404120
datagv,,,"09., Viriotgasse 5",9,,,,https://ana-hotels.com/gala-wien,16.35520601,48.23066207,404121
datagv,,,"04., Theresianumgasse 35",4,,,,https://www.graetzlhotel.com/de/belvedere,16.3765001,48.18895597,404122
datagv,,,"01., Vorlaufstraße 3",1,,,,https://www.my-place.at,16.37262901,48.21253407,404123
datagv,,,"15., Felberstraße 20",15,,,,http://www.dostepinn.at,16.33420101,48.19725407,404124
datagv,,,"12., Hoffingerg. 33/Ecke Oswaldgasse 69",12,,,,https://vienna-altmannsdorf.kyriad.com/en-us/,16.32309601,48.16382407,404125
datagv,,,"10., Gudrunstraße 138",10,,,,http://www.hotelcaroline.at,16.37205201,48.17856407,404126
datagv,,,"06., Mariahilfer Gürtel 22-24",6,,,,https://ibis-wien-mariahilf.meinhotel.top/,16.33916801,48.19308407,404127
datagv,,,"06., Webgasse 23",6,,,,https://www.elaya-hotels.com/vienna-city-west/,16.34627901,48.19454307,404128
datagv,,,"01., Herrengasse 10",1,,,,https://hrewards.com/de/steigenberger-hotel-herrenhof-wien?wt_mc=seo_listing.shr.yext.wien_herrenhof.hotel_link.text_cta,16.36589301,48.20964607,404129
datagv,,,"08., Josefstädter Straße 22",8,,,,https://www.theaterhotel-wien.at/,16.35152801,48.20949607,404130
datagv,,,"01., Kärntner Ring 16",1,,,,http://www.imperialvienna.com,16.373017,48.20130907,404131
datagv,,,"10., Friedhofstraße 15",10,,,,https://www.hotel-ami.com/h-56959-D/pension-monteurzimmer-kronberger-haus-oberlaa-in-wien.htm,16.40164201,48.13862107,404132
datagv,,,"03., Rennweg 12a",3,,,,http://www.nh-hotels.com,16.38335801,48.19554507,407427
datagv,,,"01., Wolfengasse 3/Fleischmarkt 20",1,,,,http://www.hotelaustria-wien.at,16.37752401,48.21044707,407428
datagv,,,"01., Parkring 12",1,,,,https://www.hotelamparkring.wien/,16.37812001,48.20532807,407429
datagv,,,"01., Annagasse 7",1,,,,https://www.mailbergerhof.at/,16.37267201,48.20421207,407430
datagv,,,"01., Schubertring 9-11",1,,,,http://www.schubertring.com/,16.37529201,48.20175207,407431
datagv,,,"16., Lerchenfelder Gürtel 9-11",16,,,,https://www.aohostels.com/at/wien/wien-stadthalle,16.336475,48.20536307,407432
datagv,,,"22., Wagramer Straße 8",22,,,,http://www.arcotelhotels.com/kaiserwasser,16.41666101,48.23177707,407433
datagv,,,"02., Aspernbrückengasse 1",2,,,,https://all.accor.com/hotel/6154/index.en.shtml,16.38307,48.21332807,407434
datagv,,,"08., Alser Straße 21",8,,,,http://www.pension-excellence.com,16.351313,48.21480807,407435
datagv,,,"01., Schottenring 11",1,,,,https://www.hilton.com/en/hotels/viepwtw-hilton-vienna-plaza/,16.36477601,48.21536607,407436
datagv,,,"06., Theobaldgasse 15",6,,,,https://www.pension-mozart.at,16.35897301,48.20020007,407437
datagv,,,"10., Wienerbergstraße 7",10,,,,https://www.clarionhotelviennasouth.com/de/hotel/,16.38873101,48.22566157,407438
datagv,,,"02., Max-Winter-Platz 5",2,,,,http://www.hotelarcadia.at,16.39928,48.22122707,407439
datagv,,,"01., Stephansplatz 12",1,,,,http://www.docohotel.com,16.371428,48.20821607,407440
datagv,,,"01., Krugerstraße 11",1,,,,https://www.hotel-staatsoper.at/,16.37181601,48.20392607,407441
datagv,,,"01., Schulerstraße 14",1,,,,http://www.hoteldomizil.at,16.37554901,48.20808007,407442
datagv,,,"08., Auerspergstraße 9",8,,,,http://www.thelevante-parliament.com,16.35514301,48.20751507,407443
datagv,,,"04., Rilkeplatz 7",4,,,,http://www.shermin.at,16.36707401,48.19781207,407444
datagv,,,"12., Gaudenzdorfer Gürtel 73",12,,,,http://www.hotel-fabrik.at,16.33973501,48.18763407,407445
datagv,,,"17., Heigerleinstraße 55/3",17,,,,https://www.rank.at,16.3163538,48.22516877,407446
datagv,,,"02., Praterstraße 72",2,,,,http://www.classic-hotelwien.at,16.38949701,48.21711007,407447
datagv,,,"01., Fleischmarkt 24",1,,,,https://www.hotel-post-wien.at,16.37803901,48.21019707,407448
datagv,,,"09., Alser Straße 18",9,,,,https://www.pensionvera.at,16.34909001,48.21528007,407449
datagv,,,"01., Habsburgergasse 3/14-16",1,,,,https://www.aundapension.com/de,16.36862901,48.20840207,407450
datagv,,,"03., Salesianergasse 2",3,,,,http://www.hilighthotel.com/,16.38010901,48.20150907,407451
datagv,,,"03., Rennweg 16",3,,,,http://www.austria-trend.at/Hotel-Savoyen-Vienna/de/,16.38444401,48.19505107,407452
datagv,,,"03., Landstraßer Hauptstraße 153-155",3,,,,http://www.plazahotels.de,16.39936601,48.19271307,407455
datagv,,,"15., Pelzgasse 1",15,,,,,16.33643201,48.19796907,407456
datagv,,,"04., Schleifmühlgasse 25",4,,,,http://www.hotel3kronen.at,16.36389801,48.19828407,407457
datagv,,,"02., Kleine Stadtgutgasse 4",2,,,,http://www.derwilhelmshof.com,16.38811301,48.21858207,407458
datagv,,,"17., Hernalser Gürtel 27",17,,,,http://www.donauwalzer.at,16.34019801,48.21493707,407459
datagv,,,"01., Johannesgasse 8",1,,,,https://mynext.at/johannesgasse-apartments,16.37316981,48.20454657,407460
datagv,,,"10., Karl-Popper-Straße 22",10,,,,https://my.schanihotels.com/search,16.38181301,48.18269907,407461
datagv,,,"21., Wolfgang-Riese-Gasse 6",21,,,,https://sanandafarm.com/,16.42086801,48.25639807,407462
datagv,,,"07., Burggasse 118",7,,,,http://www.pension-atrium.at,16.34049801,48.20439807,407463
datagv,,,"09., Kinderspitalgasse 1",9,,,,http://www.freerooms.at,16.34523001,48.21547307,407464
datagv,,,"09., Müllnergasse 5-7",9,,,,http://www.freerooms.at,16.362836,48.22024807,407465
datagv,,,"13., Hietzinger Hauptstraße 134",13,,,,http://www.clubhotelcortina.com,16.272606,48.18789907,407466
datagv,,,"02., Praterstraße 1",2,,,,https://so-hotels.com/en/vienna/,16.38007501,48.21269207,407467
datagv,,,"03., Johannesgasse 28",3,,,,https://www.vienna.intercontinental.com/,16.37906701,48.20225307,407468
datagv,,,"03., Marxergasse 17",3,,,,https://www.ruby-hotels.com/sofie,16.39101901,48.20671507,407469
datagv,,,"07., Burggasse 2",7,,,,https://www.sanssouci-wien.com/,16.35664501,48.20470507,407470
datagv,,,"23., Krobothgasse 6-12",23,,,,http://www.haussanz.at,16.325403,48.14191407,407471
datagv,,,"01., Uraniastraße 2 / Julius Raab Platz 1",1,,,,http://www.adagio-city.com,16.38325101,48.21170507,407472
datagv,,,"06., Matrosengasse 6-8",6,,,,http://www.leonardo-hotels.com,16.340357,48.19480107,407473
datagv,,,"01., Freyung 6a",1,,,,http://www.benediktushaus.at,16.36534701,48.21188007,407474
datagv,,,"06., Webgasse 26",6,,,,http://www.austria-trend.at/de/hotels/anatol,16.34619401,48.19457207,407453
datagv,,,"19., Rathstraße 24",19,,,,https://www.landhaus-fuhrgassl-huber.at/,16.30506101,48.25084107,407454
datagv,,,"01., Kärntner Straße 18",1,,,,http://www.austria-trend.at/de/hotels/europa-wien,16.37131201,48.20615707,407475
datagv,,,"01., Eßlinggasse 7",1,,,,https://hotelbajazzo.at-austria.com/de/,16.36900501,48.21543007,407476
datagv,,,"01., Coburgbastei 4",1,,,,https://www.palais-coburg.com/,16.37671901,48.20577107,407477
datagv,,,"10., Burgenlandgasse 72",10,,,,http://www.hotel-eitljoerg.at,16.40265001,48.15320307,407478
datagv,,,"05., Margaretengürtel 142",5,,,,https://hrewards.com/de/maxx-hotel-vienna,16.34396201,48.18733407,404135
datagv,,,"03., Rennweg 12",3,,,,https://lindnerhotels.com/hotels/lindner-hotel-wien-am-belvedere,16.38265001,48.19575907,404136
datagv,,,"01., Kärntner Ring 8",1,,,,https://www.theamauris.com,16.37109701,48.20170907,404137
datagv,,,"16., Savoyenstraße 2",16,,,,http://www.austria-trend.at/hotel-schloss-wilhelminenberg,16.285438,48.21968307,404138
datagv,,,"15., Hackengasse 33",15,,,,http://www.pensionstadthalle.at,16.332698,48.20040807,404139
datagv,,,"01., Graben 17",1,,,,https://www.boutiquehotel-nossek.at/,16.36867201,48.20918107,404140
datagv,,,"10., Gertrude-Fröhlich-Sandner-Straße 15",10,,,,https://www.smartments-business.de,16.37714381,48.18337847,404141
datagv,,,"04., Mommsengasse 5",4,,,,http://www.pakathotels.com,16.37700701,48.19178307,404142
datagv,,,"11., Mautner-Markhof-Gasse 72",11,,,,https://www.hahn-hotel-vienna.at/,16.42022301,48.17385607,404143
datagv,,,"20., Hartlgasse 21",20,,,,http://www.marien-hof.com,16.37320901,48.23294907,404144
datagv,,,"14., Wientalstraße 45",14,,,,https://www.lenas-west.at/,16.227213,48.20285307,404145
datagv,,,"04., Frankenberggasse 10",4,,,,https://www.hotel-kaiserhof.at/wien/,16.368436,48.19752607,404146
datagv,,,"06., Mariahilfer Straße 49/1/11",6,,,,http://www.mariahilf-hotel.at,16.35437101,48.19971407,404147
datagv,,,"02., Große Sperlgasse 6",2,,,,https://www.graetzlhotel.com/de/karmelitermarkt,16.37836171,48.21678047,404148
datagv,,,"10., Waldgasse 19",10,,,,http://www.smartapart.at,16.38161876,48.17544277,404149
datagv,,,"17., Dr. Josef-Resch-Platz 15A/2 & 26",17,,,,https://www.rank.at,16.31583591,48.22496837,404150
datagv,,,"15., Europaplatz 3",15,,,,http://www.motel-one.com,16.338125,48.19631707,404151
datagv,,,"12., Schönbrunner Schlossstraße 38-40",12,,,,,16.32093801,48.18475907,404152
datagv,,,"01., Fleischmarkt 1a",1,,,,http://www.mercure.com,16.374475,48.21141907,404153
datagv,,,"22., Stadlauer Straße 31",22,,,,http://www.wienerkindl.at,16.45429901,48.22758207,404154
datagv,,,"02., Rothschildplatz 2",2,,,,http://www.roomz-hotels.com,16.39359671,48.22258347,404133
datagv,,,"19., Döblinger Hauptstraße 2",19,,,,https://ibisstyleswien.com/,16.35383201,48.23302007,404134
datagv,,,"07., Mariahilfer Straße 78",7,,,,http://www.nh-collection.com,16.34840501,48.19786207,404155
datagv,,,"19., Sieveringer Straße 4",19,,,,https://www.living-hotels.com/standorte/wien/living-hotel-kaiser-franz-joseph,16.34101301,48.24606807,404156
datagv,,,"15., Wurzbachgasse 17",15,,,,http://www.artewien.at,16.33567901,48.20379707,404157
datagv,,,"15., Felberstraße 4",15,,,,http://www.mercure.com/5358,16.33760201,48.19816907,404158
datagv,,,"19., Grinzinger Allee 30",19,,,,https://mshw.at/,16.34211801,48.24958307,404159
datagv,,,"08., Kochgasse 36",8,,,,https://www.josefstadt-city-apartments.at/,16.34951101,48.21492907,404160
datagv,,,"01., Am Hof 2",1,,,,https://www.hyatt.com/de-DE/hotel/austria/park-hyatt-vienna/vieph,16.36758701,48.21160507,404161
datagv,,,"09., Währinger Straße 12",9,,,,,16.35990501,48.21703807,404162
datagv,,,"07., Mariahilfer Str. 50/Kircheng. 1",7,,,,http://www.hotel-continental.at,16.35279401,48.19944907,404163
datagv,,,"01., Marc-Aurel-Straße 8",1,,,,http://www.hotel-marcaurel.com,16.37352201,48.21222707,404164
datagv,,,"06., Esterhazygasse 33",6,,,,https://hoteljosefine.at/de/,16.34913501,48.19694607,404165
datagv,,,"23., Johann-Hörbiger-Gasse 30",23,,,,http://www.amspiegeln.at,16.28244501,48.15388407,404166
datagv,,,"01., Köllnerhofgasse 6",1,,,,https://www.buxbaumboutiquehotel.at/,16.376054,48.21065407,404167
datagv,,,"01., Tiefer Graben 30-32",1,,,,http://www.hotel-orient.at,16.36903701,48.21297107,404168
datagv,,,"07., Neustiftgasse 66",7,,,,http://www.rothensteiner.com,16.34632201,48.20610007,404169
datagv,,,"04., Favoritenstraße 12",4,,,,http://www.kremslehnerhotels.at/johannstrauss,16.36939101,48.19503007,404170
datagv,,,"01., Stephansplatz 9",1,,,,https://hotelamstephansplatz.at/,16.372182,48.20869707,404171
datagv,,,"06., Wallgasse 23",6,,,,https://all.accor.com/hotel/A0Q7/index.de.shtml,16.33924101,48.19201207,404172
datagv,,,"01., Marco d'Avianogasse 1",1,,,,http://www.avianoboutiquehotel.com,16.37065701,48.20529907,404173
datagv,,,"10., Hertha-Firnberg-Straße 5",10,,,,https://plazahotels.de/hotel-wienerberg/,16.34517601,48.16673707,404174
datagv,,,"09., Alserbachstraße/Pfluggasse 1",9,,,,https://appartement.mondial.at/,16.35634501,48.22523007,404175
datagv,,,"09., Währinger Straße 15",9,,,,http://www.hotelbleckmann.at,16.35802901,48.21827507,404176
datagv,,,"10., Canettistraße 6",10,,,,https://all.accor.com/ssr/app/accor/rates/8565/index.de.shtml,16.38157721,48.18560947,404177
datagv,,,"03., Baumgasse 83",3,,,,http://www.vienna-sporthotel.at,16.40789701,48.19135407,404178
datagv,,,"10., Himberger Straße 69",10,,,,http://www.hotel-pension-puzwidu.com,16.38368201,48.13669507,404179
datagv,,,"05., Matzleinsdorfer Platz 1",5,,,,http://www.hotel-allegro.at,16.35842601,48.18108907,404180
datagv,,,"12., Tivoligasse 73",12,,,,http://www.springer-schloessl.at,16.31878301,48.17848507,404181
datagv,,,"07., Mariahilfer Straße 32-34",7,,,,http://www.nh-hotels.com,16.35492901,48.20010007,404182
datagv,,,"12., Rosaliagasse 3",12,,,,https://www.graetzlhotel.com/de/schoenbrunn,16.33362421,48.18077437,404183
datagv,,,"10., Gerhard-Bronner-Straße 11",10,,,,http://www.motel-one.com,16.37649201,48.18463007,404184
datagv,,,"01., Hafnersteig 7",1,,,,http://www.hotel-alma.com,16.37749201,48.21113307,404185
datagv,,,"03., Landstraßer Hauptstraße 165",3,,,,http://www.hotel-gabriel.at,16.40053701,48.19126807,404186
datagv,,,"01., Walfischgasse 4",1,,,,http://www.pension-suzanne.at,16.371118,48.20336807,404187
datagv,,,"15., Linke Wienzeile 224",15,,,,https://www.leonardo-hotels.de/vienna/leonardo-hotel-vienna-schonbrunn?utm_source=gmb&utm_medium=link_site_gmb&utm_campaign=leonardo-hotel-vienna-schonbrunn,16.33334,48.18494507,404188
datagv,,,"11., Mautner-Markhof-Gasse 50-54",11,,,,http://www.jufahotels.com,16.42026501,48.17564507,404189
datagv,,,"22., Erzherzog-Karl-Straße 98a",22,,,,https://www.valley-rose.at,16.44826901,48.23166307,404190
datagv,,,"07., Mariahilfer Straße 58",7,,,,https://www.schanihotels.com/,16.351699,48.19912007,404191
datagv,,,"02., Taborstraße 47-49",2,,,,https://hotelvayalen.at,16.38145001,48.22062007,404192
datagv,,,"01., Elisabethstraße 5",1,,,,http://www.motel-one.com,16.36835901,48.20203807,404193
datagv,,,"09., Währinger Straße 33",9,,,,http://www.hotelatlanta.at,16.35583001,48.22028407,404194
datagv,,,"04., Wiedner Hauptstraße 27-29",4,,,,https://www.hotelerzherzograiner.wien/,16.367278,48.19533007,404195
datagv,,,"01., Seilergasse 9",1,,,,http://www.hotelpension.at,16.37091501,48.20711507,404196
datagv,,,"07., Breite Gasse 9",7,,,,https://www.hotel-gilbert.at/,16.35665601,48.20361107,404197
datagv,,,"10., Karl-Popper-Straße 6",10,,,,https://www.adinahotels.com/de/serviced-apartments/vienna/,16.37984001,48.18624007,404198
datagv,,,"12., Rosaliagasse 7",12,,,,https://www.graetzlhotel.com/de/schoenbrunn,16.33369331,48.18046267,404199
datagv,,,"10., Waldgasse 3",10,,,,http://www.gegenbauer.at,16.38188461,48.17716507,404200
datagv,,,"02., Trabrennstraße 4",2,,,,https://www.marriott.de/hotels/travel/viefg-courtyard-vienna-prater-messe/,16.41307701,48.21309207,404201
datagv,,,"11., Paragonstraße 1",11,,,,https://plazahotels.de/hotel-wien-gasometer/,16.42028701,48.18650407,404202
datagv,,,"07., Neubaugürtel 26-28",7,,,,http://www.flemings-hotels.com,16.33871701,48.19950707,404203
datagv,,,"15., Linke Wienzeile/Ullmannstraße 71",15,,,,https://www.marriott.de/hotels/travel/viehw-renaissance-wien-hotel/,16.32962501,48.18414407,404204
datagv,,,"10., Gutheil-Schoder-Gasse 7b",10,,,,https://www.austria-trend.at/de/hotels/bosei,16.33984201,48.16286507,404205
datagv,,,"10., Canettistraße 8",10,,,,https://all.accor.com/hotel/8564/index.de.shtml,16.37866558,48.18575312,404206
datagv,,,"10., Hintschiggasse 1",10,,,,http://www.arion-hotels.com,16.34494901,48.15858607,404207
datagv,,,"22., Wagramer Straße 51",22,,,,https://www.strandhotel-alte-donau.at,16.42921301,48.23903707,404208
datagv,,,"03., Landstraßer Hauptstr. 7",3,,,,https://www.hotel-stadtpark.at/,16.38663201,48.20561307,404212
datagv,,,"02., Engerthstraße 173-175",2,,,,https://www.ihg.com/voco/hotels/us/en/vienna/viept/hoteldetail?Cm_mmc=FM-_-PS-_-B-_-Geo&dp=true&gad_source=1,16.40016101,48.22728107,404213
datagv,,,"03., Rennweg 99/Rinnböckstraße 1",3,,,,http://www.austria-trend.at/Hotel-Doppio,16.40376401,48.18584607,404214
datagv,,,"03., Landstraßer Hauptstraße 120",3,,,,https://www.eurostarshotels.de/eurostars-embassy.html,16.39581601,48.19651707,404215
datagv,,,"23., Breitenfurter Str. 515",23,,,,http://www.hotel-altmann.at,16.250172,48.13698107,404216
datagv,,,"04., Argentinierstraße 55",4,,,,https://www.graetzlhotel.com/de/belvedere,16.37507181,48.19108767,404217
datagv,,,"10., Bloch Bauer Promenade 5",10,,,,https://www.hotel-bb.com/de/hotel/wien-hbf,16.38583201,48.17967937,404218
datagv,,,"02., Heinestraße 15",2,,,,https://www.babulahotel.com/,16.38466901,48.22122707,404219
datagv,,,"14., Keißlergasse 24",14,,,,http://www.hotelanderwien.at/en/index.php,16.25941,48.19824807,404220
datagv,,,"02., Große Stadtgutgasse 31",2,,,,http://www.hotelvienna.at,16.38631001,48.21958307,404221
datagv,,,"01., Schwedenplatz 3-4",1,,,,https://www.hotelcapricorno.wien/,16.37889501,48.21119007,404222
datagv,,,"06., Getreidemarkt 5",6,,,,http://www.hotelsecession.com,16.36471301,48.20058607,404223
datagv,,,"01., Annagasse 16",1,,,,https://www.great2stay.de/locations/schlosshotel-roemischer-kaiser/,16.37255601,48.20412607,404224
datagv,,,"16., Johann-Staud-Straße 32",16,,,,https://www.schanihotels.com/hotels/bio-hotel-schani-wienblick,16.28439701,48.21450107,404225
datagv,,,"02., Glockengasse 1",2,,,,https://www.rafaelkaiser.com,16.3812524,48.21727457,404226
datagv,,,"01., Desider-Friedmann Platz 2",1,,,,http://www.mercure.com/9959,16.37383601,48.21150307,404227
datagv,,,"02., Lassallestraße 7a",2,,,,https://all.accor.com/hotel/2736/index.de.shtml,16.39771501,48.22232807,404228
datagv,,,"08., Alser Straße 39/14",8,,,,https://www.madara.at/,16.347815,48.21516507,404229
datagv,,,"02., Lassallestraße 7a",2,,,,https://all.accor.com/hotel/7098/index.de.shtml,16.39737201,48.22212107,404230
datagv,,,"03., Linke Bahngasse 1a",3,,,,http://goldenespinne.at,16.38428301,48.20410507,404209
datagv,,,"15., Herklotzgasse 4",15,,,,http://www.altwienerhof.at,16.33643201,48.19044507,404210
datagv,,,"07., Andreasgasse 1",7,,,,https://www.urban-hotel.at/,16.34753601,48.19764707,404211
datagv,,,"02., Untere Augartenstrasse 31",2,,,,https://mynext.at/hotel-leo,16.37394383,48.22202362,404231
datagv,,,"07., Kirchengasse 18",7,,,,https://www.pension-reimer.at/,16.35233201,48.20111607,404232
datagv,,,"15., Sperrgasse 12",15,,,,https://hotel-pension5haus.at/,16.331894,48.19359207,404233
datagv,,,"16., Degengasse 45",16,,,,http://www.hotelschwalbe.com,16.31440601,48.21535807,404234
datagv,,,"01., Wipplingerstraße 23",1,,,,https://www.pensionlerner.com/,16.36836101,48.21278507,404235
datagv,,,"08., Albertgasse 48",8,,,,http://www.korotan.com,16.34399601,48.21344207,404236
datagv,,,"15., Mariahilfer Straße 161",15,,,,http://www.stanys.at,16.33430801,48.19341307,404237
datagv,,,"07., Schottenfeldgasse 74",7,,,,https://maxbrownhotels.com/7th-district-vienna,16.343223,48.20481307,404238
datagv,,,"07., Zieglergasse 35",7,,,,http://www.walzerstadt.at,16.34489701,48.20204507,404239
datagv,,,"01., Grashofgasse 4",1,,,,http://www.karntnerhof.com,16.37605401,48.21022507,404240
datagv,,,"09., Pasteurgasse 1",9,,,,http://www.strudlhof.at,16.35791101,48.22178507,404241
datagv,,,"01., Wildpretmarkt 5",1,,,,https://www.elaya-hotels.com/vienna-city-center/,16.37159201,48.21043907,404242
datagv,,,"07., Schottenfeldgasse 39",7,,,,http://www.pensionpharmador.at,16.34311601,48.20101607,404243
datagv,,,"01., Habsburgergasse 5",1,,,,http://www.pertschy.com,16.36863101,48.20813907,404244
datagv,,,"09., Boltzmanngasse 8",9,,,,http://www.hotelboltzmann.at,16.35670801,48.22164207,404245
datagv,,,"10., Knöllgasse 23",10,,,,https://jimmys.at/,16.31942,48.16797007,404246
datagv,,,"01., Schottenring 24",1,,,,https://www.anantara.com/de/palais-hansen-vienna,16.36842501,48.21638107,404247
datagv,,,"01., Lichtensteg 2-3",1,,,,http://www.hoteltopazzlamee.com,16.37365901,48.21076107,404248
datagv,,,"15., Hütteldorfer Straße 79",15,,,,http://www.lucia-hotel.at,16.32333201,48.19865607,404249
datagv,,,"09., Liechtensteinstraße 87- 89",9,,,,http://www.h-hotels.com,16.35638342,48.22659747,404250
datagv,,,"07., Lerchenfelder Straße 1-3",7,,,,https://www.25hours-hotels.com/hotels/wien/museumsquartier,16.35462971,48.20694137,404251
datagv,,,"02., Messestraße 2",2,,,,https://www.hilton.com/de/hotels/viemepe-spark-vienna-messe-prater/,16.40510701,48.21575207,404252
datagv,,,"06., Mariahilfer Straße 57-59",6,,,,https://www.corvinus.at,16.35240701,48.19905607,404253
datagv,,,"14., Karl-Bekehrty-Straße 60",14,,,,http://www.hotel-ochsenkopf.at,16.24708201,48.22298607,404254
datagv,,,"09., Türkenstrasse 6",9,,,,http://www.pensionliechtenstein.at,16.36292201,48.21698107,404255
datagv,,,"22., Wagramer Straße 16",22,,,,https://www.schanihotels.com/hotels/hotel-schani-uno-city,16.42082501,48.23409207,404256
datagv,,,"15., Graumanngasse 16",15,,,,http://www.hotelbauer.at,16.33651801,48.18823507,404257
datagv,,,"04., Wiedner Gürtel 14",4,,,,https://www.ihg.com/garner-hotels/hotels/de/de/vienna/viepe/hoteldetail,16.378114,48.18772007,404258
datagv,,,"01., Rudolfsplatz 11",1,,,,https://www.miirohotels.com/palaisrudolf,16.37163301,48.21382107,404259
datagv,,,"01., Dorotheergasse 3",1,,,,http://www.kremslehnerhotels.at/graben,16.37002401,48.20793707,404260
datagv,,,"09., Rooseveltplatz 15",9,,,,http://www.kremslehnerhotels.at,16.35977801,48.21628107,404261
datagv,,,"01., Kärntner Straße 22",1,,,,http://www.ambassador.at,16.37108401,48.20574207,404262
datagv,,,"17., Ferchergasse 21",17,,,,https://www.rank.at,16.31754691,48.22358137,404263
datagv,,,"10., Filmteichstraße 5",10,,,,http://www.hotel-eitljoerg.at,16.40653401,48.15139207,404264
datagv,,,"16., Seitenberggasse 19",16,,,,http://www.fleger.at,16.31222601,48.21638107,404265
datagv,,,"01., Rathausstraße 17",1,,,,https://www.radissonhotels.com/en-us/hotels/radisson-individuals-rathauspark-wien,16.35694601,48.21324207,404266
datagv,,,"06., Mariahilfer Straße 57-59",6,,,,http://www.haydn-hotel.at,16.35240701,48.19905607,404267
datagv,,,"10., Arsenalstraße 10",10,,,,https://www.hyatt.com/andaz/de-DE/vieaz-andaz-vienna-am-belvedere,16.38339861,48.18521567,404268
datagv,,,"08., Lange Gasse 61",8,,,,http://www.private-hotels.at,16.35090501,48.21386407,404269
datagv,,,"14., Linzer Straße 429",14,,,,http://www.europahauswien.at,16.253101,48.20364707,404270
datagv,,,"08., Kochgasse 9",8,,,,http://www.urban-stay.at,16.34943501,48.21278507,404271
datagv,,,"11., Zinnergasse 42",11,,,,http://www.czeczil.at,16.47591801,48.16768807,404272
datagv,,,"09., Augasse 15",9,,,,https://hotelcalmo.at/,16.35682801,48.23134807,404273
datagv,,,"07., Mariahilfer Str. 122/Kaiserstr. 1-3",7,,,,http://www.intercityhotel.com,16.34142101,48.19651707,404274
datagv,,,"09., Harmoniegasse 5-7",9,,,,https://www.harmonie-vienna.at/,16.35990701,48.21989107,404275
datagv,,,"06., Mariahilfer Straße 15",6,,,,http://www.das-tyrol.at,16.35916701,48.20094407,404276
datagv,,,"06., Mariahilfer Straße 71a/ Eingang Schadekgasse 20",6,,,,https://www.hotelmotto.at,16.35059401,48.19835507,404277
datagv,,,"07., Neubaugürtel 34-36",7,,,,http://www.arcotelhotels.com/wimberger,16.33838301,48.20056507,404278
datagv,,,"03., Ungargasse 60",3,,,,https://www.imperialridingschool.com/en,16.38696301,48.19706107,404279
datagv,,,"10., Sonnwendgasse 8",10,,,,https://www.premierinn.com/de/de/hotels/oesterreich/wien.html,16.37645101,48.18348507,404280
datagv,,,"22., Wagramer Straße 83-85",22,,,,https://donauzentrum.arcotel.com/de/,16.43565201,48.24271707,404281
datagv,,,"01., Riemergasse 8",1,,,,http://www.riemergasse.at,16.37655601,48.20715807,404282
datagv,,,"02., Große Mohrengasse 29",2,,,,http://www.galapartments.com,16.38308101,48.21727407,404283
datagv,,,"01., Kärntner Straße 47",1,,,,http://www.operasuites.at,16.370518,48.20383307,404284
datagv,,,"06., Windmühlgasse 6",6,,,,http://www.timeout.co.at,16.35771801,48.20015707,404285
datagv,,,"08., Kochgasse 15",8,,,,http://www.arpi.at,16.34941401,48.21354307,404286
datagv,,,"04., Wiedner Gürtel 34",4,,,,https://www.ihg.com/garner-hotels/hotels/de/de/vienna/viegc/hoteldetail,16.37556001,48.18686907,404287
datagv,,,"14., Schlossallee 8",14,,,,https://www.hiltonhotels.de/oesterreich/doubletree-vienna-schonbrunn/,16.316282,48.19092507,404288
datagv,,,"01., Elisabethstraße 1",1,,,,https://www.living-hotels.com/standorte/wien/living-hotel-an-der-oper,16.36870301,48.20193807,407329
datagv,,,"22., Arbeiterstrandbadstraße 128",22,,,,http://www.sportcenter-donaucity.at,16.42303301,48.23863707,407330
datagv,,,"05., Einsiedlergasse 19",5,,,,http://www.appartements-wien.com,16.34979601,48.18477707,407331
datagv,,,"02., Böcklinstraße 72",2,,,,http://www.wien-hotels.info,16.39930301,48.20517707,407332
datagv,,,"03., Hainburger Straße 19",3,,,,https://www.spiess-vienna.at,16.394314,48.20101607,407333
datagv,,,"02., Mühlfeldgasse 13",2,,,,http://www.hotelkunsthof.at,16.38901401,48.22085607,407334
datagv,,,"01., Tiefer Graben 14-20",1,,,,https://www.hotel-tigra.at/de/,16.36829701,48.21242007,407335
datagv,,,"01., Kärntner Straße 32-34",1,,,,https://www.astoria-wien.com/,16.37036301,48.20427507,407336
datagv,,,"01., Schulerstraße 10",1,,,,http://www.kvu.at,16.37527001,48.20818007,407337
datagv,,,"05., Margaretenstraße 53",5,,,,http://www.holidayinn.com/vienna-city,16.36148401,48.19359907,407338
datagv,,,"08., Josefsgasse 4-8",8,,,,http://www.josefshof.com,16.35388801,48.20851607,407339
datagv,,,"01., Führichgasse 10",1,,,,http://www.theguesthouse.at,16.36896,48.20538507,407340
datagv,,,"11., Simmeringer Hauptstraße 55",11,,,,http://www.simmshotel.at,16.41133901,48.17960807,407341
datagv,,,"08., Laudongasse 8",8,,,,https://www.thelevante-rathaus.com/lage-kontakt/,16.35235201,48.21362107,407342
datagv,,,"02., Weintraubengasse 31",2,,,,http://www.hotel-odeon.at,16.38740501,48.21808207,407343
datagv,,,"13., Firmiangasse 9-11",13,,,,http://www.schneider-goessl.at,16.267617,48.18914407,407344
datagv,,,"10., Friedhofstraße 12",10,,,,http://www.tschipan.at,16.40140301,48.13858207,407345
datagv,,,"05., Rechte Wienzeile 93-95",5,,,,http://www.austria-trend.at/wan,16.35483301,48.19226707,407346
datagv,,,"07., Kirchengasse 41",7,,,,https://www.altstadt.at/,16.351421,48.20470907,407347
datagv,,,"02., Mayergasse 6",2,,,,https://www.urban-jungle.at/,16.38947501,48.21635207,407348
datagv,,,"10., An der Hölle 27",10,,,,http://www.pensionkasper.at,16.38115,48.14064707,407349
datagv,,,"08., Buchfeldgasse 8",8,,,,https://www.artist-hotel.at/de,16.35340501,48.21043307,407350
datagv,,,"06., Nelkengasse 3",6,,,,https://www.hotel-ami.com/h-57048-D/pension-esterhazy-in-wien.htm,16.35181701,48.19854107,407351
datagv,,,"23., Lehmanngasse 11",23,,,,http://www.stasta.at,16.27977301,48.13593607,407352
datagv,,,"08., Lange Gasse 49",8,,,,https://zipser.at,16.35160301,48.21103307,407353
datagv,,,"10., Gudrunstraße 184",10,,,,https://www.rainer-hotels.at/rainers/,16.36281401,48.17912907,407354
datagv,,,"07., Kaiserstr. 2-4/Mariahilfer Str. 120",7,,,,http://www.ruby-hotels.com,16.34157101,48.19717407,407355
datagv,,,"01., Riemergasse 8",1,,,,http://www.riemergasse.at,16.37660101,48.20715107,407356
datagv,,,"01., Singerstraße 3",1,,,,http://www.kremslehnerhotels.at/royal,16.37234201,48.20791607,407357
datagv,,,"01., Georg-Coch-Platz 3/4/10",1,,,,http://www.pensionriedl.at,16.38157901,48.21014707,407358
datagv,,,"02., Taborstraße 52",2,,,,http://www.skyapartments.at,16.38178301,48.22062007,407359
datagv,,,"22., Wagramer Straße 21",22,,,,http://www.nh-hotels.com,16.421919,48.23529307,407360
datagv,,,"06., Fillgradergasse 4",6,,,,http://www.terminus.at,16.35968101,48.19981407,407361
datagv,,,"01., Fleischmarkt 19",1,,,,https://www.ruby-hotels.com,16.37848651,48.21026597,407362
datagv,,,"01., Schubertring 5-7",1,,,,http://www.ritzcarlton.com/de/hotels/europe/vienna,16.375977,48.20233807,407363
datagv,,,"01., Herrengasse 12",1,,,,https://www.radissonhotels.com/en-us/hotels/radisson-blu-vienna,16.365548,48.21008907,407364
datagv,,,"01., Postgasse 14",1,,,,http://www.hotelpension.at,16.37934701,48.21083307,407365
datagv,,,"01., Ebendorferstraße 10",1,,,,https://www.urbanrooms-rathaus.at/,16.358169,48.21317107,407366
datagv,,,"07., Karl-Schweighofer-Gasse 7",7,,,,https://admiral.co.at/de/,16.35745001,48.20246707,407367
datagv,,,"11., Kaiser-Ebersdorfer-Straße 26",11,,,,http://www.hotel-koenig.at,16.42464301,48.16859007,407368
datagv,,,"01., Schubertring 10-12",1,,,,http://www.grandferdinand.com,16.37511601,48.20225907,407369
datagv,,,"01., Robert-Stolz-Platz 1",1,,,,http://www.lemeridienvienna.com,16.36651401,48.20276707,407370
datagv,,,"10., Gerhard-Bronner-Straße 5",10,,,,http://leonardo-hotels.com,16.37647001,48.18468707,407371
datagv,,,"05., Schloßgasse 21",5,,,,https://wohnen.schlossquadr.at/,16.35836201,48.19136807,407372
datagv,,,"02., Praterstraße 44-46",2,,,,https://www.hotelhenriette.at,16.38620301,48.21543707,407373
datagv,,,"13., Maxingstraße 76",13,,,,http://www.hotelbergwirt.at,16.29768001,48.17602407,407374
datagv,,,"09., Althanstraße 5",9,,,,http://www.bellevuehotel.at,16.36014101,48.22648807,407375
datagv,,,"17., Ottakringer Straße 34-36",17,,,,http://www.exeviennahotel.com,16.33668801,48.21500807,407376
datagv,,,"20., Dresdner Straße 111",20,,,,https://www.ihg.com/holiday-inn-the-niu/hotels/gb/en/vienna/viefa/hoteldetail?cm_mmc=GoogleMaps-_-HI-_-AT-_-VIEFA,16.38648011,48.23116867,407377
datagv,,,"10., Laxenburger Straße 19",10,,,,https://hotel-kolbeck.at/,16.37389701,48.18240507,407378
datagv,,,"11., Kaiser-Ebersdorfer-Straße 283-285",11,,,,http://www.pension-weber.at,16.47011301,48.16024607,407379
datagv,,,"08., Josefstädterstraße 10-12",8,,,,http://www.flemings-hotels.com,16.35329601,48.20946007,407380
datagv,,,"12., Grieshofgasse 11",12,,,,https://www.hotel-orangerie.at/,16.332246,48.18247007,407381
datagv,,,"01., Schottenring 33",1,,,,http://www.schottenring33.com,16.36934601,48.21729607,407382
datagv,,,"08., Schlösselgasse 11",8,,,,https://hpandreas.com/,16.353201,48.21278507,407383
datagv,,,"01., Kärntner Ring 9",1,,,,http://www.grandhotelwien.at,16.37200701,48.20212407,407384
datagv,,,"17., Hernalser Hauptstraße 187",17,,,,http://www.hoteljaeger.at,16.31389201,48.22394507,407385
datagv,,,"22., Aspernstraße 96",22,,,,https://www.asperner-loewe.at/,16.47791301,48.22259307,407386
datagv,,,"06., Gumpendorfer Straße 39",6,,,,https://www.kolping-wien-zentral.at/,16.357536,48.19855607,407387
datagv,,,"17., Hernalser Hauptstraße 105",17,,,,https://www.rainer-hotels.at/senator/,16.32556401,48.21958307,407388
datagv,,,"04., Wiedner Hauptstraße 44",4,,,,http://www.wien-hotels.info,16.36690201,48.19352807,407389
datagv,,,"02., Radingerstraße 2",2,,,,http://www.accorhotels.com,16.39889501,48.22431507,407390
datagv,,,"09., Nordbergstraße 4",9,,,,https://www.hotelmozart-vienna.at/,16.36217101,48.22628807,407391
datagv,,,"19., Neustift am Walde 97-99",19,,,,http://www.hotel-schild.at,16.298785,48.25134107,407392
datagv,,,"02., Taborstraße 12",2,,,,https://www.hotelstefanie.wien/,16.38019501,48.21440807,407393
datagv,,,"01., Weihburggasse 3",1,,,,https://www.kaiserinelisabeth.at/,16.37218101,48.20712507,407394
datagv,,,"13., Hietzinger Hauptstraße 10-14",13,,,,https://www.austria-trend.at/de/hotels/parkhotel-schoenbrunn,16.30231301,48.18669007,407395
datagv,,,"03., Landstraßer Hauptstraße 28",3,,,,http://www.accorhotels.com,16.38872001,48.20392907,407396
datagv,,,"08., Lange Gasse 13",8,,,,http://www.hotel-rathaus-wien.at,16.35266001,48.20760307,407397
datagv,,,"03., Landstraßer Gürtel 5",3,,,,http://www.hoteldaniel.com/de/wien/,16.383723,48.18873607,407398
datagv,,,"01., Rotenturmstraße 1",1,,,,https://www.pension-sacher.at,16.37286701,48.20930307,407399
datagv,,,"13., Eduard-Klein-Gasse 9",13,,,,https://www.hotelviktoria.co.at/,16.30159601,48.18766307,407400
datagv,,,"02., Hollandstraße 3",2,,,,https://all.accor.com/hotel/1568/index.de.shtml,16.37624701,48.21528707,407401
datagv,,,"03., Obere Weißgerberstraße 7",3,,,,http://www.hotel-urania.at,16.38887301,48.21253407,407402
datagv,,,"22., Donau-City-Straße 7",22,,,,https://www.melia.com/de/hotels/osterreich/wien/melia-vienna,16.41230501,48.23264907,407403
datagv,,,"10., Sonnwendgasse 11",10,,,,http://www.aohostels.com/at/wien/wien-hauptbahnhof,16.37926001,48.18172607,407404
datagv,,,"01., Bauernmarkt 10",1,,,,http://www.citypension.at,16.37258801,48.20988207,407405
datagv,,,"02., Taborstraße 8A",2,,,,https://www.hotelcitycentral.wien/,16.37994801,48.21357107,407406
datagv,,,"03., Franzosengraben 15",3,,,,https://all.accor.com/hotel/3706/index.de.shtml,16.41341101,48.18656107,407407
datagv,,,"02., Rotensterngasse 10 - 12",2,,,,http://www.imlauer.com,16.38230901,48.21767507,407408
datagv,,,"03., Am Stadtpark 1",3,,,,http://www.vienna-park.hilton.com,16.382715,48.20604207,407409
datagv,,,"03., Am Heumarkt 35-37",3,,,,https://all.accor.com/hotel/1276/index.de.shtml,16.37722901,48.19961807,407410
datagv,,,"03., Schützengasse 19",3,,,,http://www.scalavienna.com/,16.38948601,48.19448607,407411
datagv,,,"05., Brandmayergasse 7-9",5,,,,https://arthotelvienna.at/,16.35232201,48.18513107,407412
datagv,,,"02., Handelskai 269",2,,,,https://www.hilton.com/en/hotels/viehahi-hilton-vienna-waterfront/,16.42152201,48.21400007,407413
datagv,,,"08., Lange Gasse 10",8,,,,http://www.pension-wild.com,16.352858,48.20736507,407414
datagv,,,"09., Grünentorgasse 30",9,,,,https://www.hoteldeutschmeister.at/,16.36662301,48.22089107,407415
datagv,,,"05., Schönbrunner Straße 92",5,,,,https://all.accor.com/hotel/3747/index.de.shtml,16.34953201,48.18893607,407416
datagv,,,"14., Felbigergasse 58",14,,,,http://www.klimt-hotel.at,16.289569,48.19590907,407417
datagv,,,"07., Lindengasse 12",7,,,,http://www.henri-hotels.com,16.35343701,48.20106607,407418
datagv,,,"07., Siebensterngasse 43",7,,,,https://www.hotelkugel.at,16.34931701,48.20203807,407419
datagv,,,"03., Landstraßer Hauptstraße 33",3,,,,http://www.kibirooms.at,16.38963601,48.20370407,407420
datagv,,,"23., Erlaaer Straße 148",23,,,,https://www.pension-erlaa.at/,16.32251701,48.13849907,407421
datagv,,,"09., Türkenstraße 27",9,,,,https://www.riesscityrooms.at/,16.36512101,48.21823907,407422
datagv,,,"15., Hackengasse 20",15,,,,http://www.hotelstadthalle.at,16.33373901,48.19920607,407423
datagv,,,"01., Singerstraße 21-25",1,,,,https://www.singerstrasse2125.at,16.3757355,48.20648927,407424
datagv,,,"07., Museumstraße 3",7,,,,http://www.hotelmuseum.at,16.35657001,48.20485507,407425
datagv,,,"08., Lange Gasse 20",8,,,,https://www.lehrerhaus.at/de/index.html,16.35259001,48.20844507,407426
datagv,,,"01., Parkring 12a",1,,,,http://www.viennamarriott.at,16.377586,48.20487007,407479
datagv,,,"04., Schelleingasse 36",4,,,,https://mynext.at/de/hotel-rudy/,16.370957,48.18624707,407480
datagv,,,"02., Vorgartenstraße 217",2,,,,https://hotelzola.com/,16.40652001,48.22101007,407481
datagv,,,"02., Nordbahnstraße 47-49",2,,,,https://www.thesocialhub.co/vienna/,16.38994401,48.22289007,407482
datagv,,,"10., Triester Straße 27",10,,,,https://www.discoverasr.com/de/citadines/austria/citadines-south-vienna,16.35542001,48.17563007,407483
datagv,,,"03., Steingasse 33",3,,,,https://www.jimmys.at/,16.39317001,48.19251007,407484
datagv,,,"10., Triester Straße 91",10,,,,https://www.campanile.com/de-de/unsere-hotels/osterreich/hotels-wien/,16.34814001,48.16609007,407485
datagv,,,"02., Perspektivstraße 6",2,,,,https://livezoku.com/vienna/,16.4030245,48.21660257,407486
datagv,,,"02., Perspektivstraße 10",2,,,,https://www.hilton.com/en/locations/austria/vienna/hampton/,16.4030245,48.21660257,407487
datagv,,,"22., Wangari-Maathai-Platz 1",22,,,,https://www.dormero.de/,16.50760001,48.22576007,407488
datagv,,,"10., Canettistraße 3",10,,,,https://www.adinahotels.com/de/apartments/vienna-belvedere/,16.38161001,48.18578007,407489
datagv,,,"04., Wiedner Gürtel 16",4,,,,https://www.mooons.com/,16.37760001,48.18772007,407490
datagv,,,"13., Hietzinger Hauptstraße 16",13,,,,https://www.austria-trend.at/de/hotels/maximilian,16.30237051,48.18666917,407491
datagv,,,"02., Perspektivstraße 8",2,,,,https://www.superbude.com/hotel-wien/prater/,16.40209001,48.21735007,407492
datagv,,,"06., Windmühlgasse 28",6,,,,https://www.jaz-hotel.com/hotels/jaz-in-the-city-vienna,16.35510001,48.19843007,407493
datagv,,,"22., Anna-Bastel-Gasse 3",22,,,,https://feelgood-apartments.at/,16.50564001,48.22620007,407494
datagv,,,"22., Seestadtpromenade 17",22,,,,https://feelgood-apartments.at/,16.51032001,48.22679007,407495
datagv,,,"22., Beatrix-Kempf-Gasse 1",22,,,,https://feelgood-apartments.at/,16.50605001,48.22456007,407496
datagv,,,"20., Dresdner Straße 109",20,,,,https://www.rioca.eu,16.38617281,48.23135297,407497
datagv,,,"11., Lorystraße 4",11,,,,https://jimmys.at/,16.40878001,48.17688007,407498
datagv,,,"12., Breitenfurter Straße 26",12,,,,https://www.hotel-bb.com/de/at,16.31844851,48.16736687,407499
datagv,,,"15., Mariahilfer Gürtel 33",15,,,,https://numastays.com/de/locations/wood?adults=1&arrival=2022-05-04&departure=2022-05-06&propertyId=AT_VI_002,16.33887001,48.19474007,407500
datagv,,,"01., Graben 21/ Petersplatz 7",1,,,,https://www.rosewoodhotels.com/en/vienna,16.36963001,48.20979007,407501
datagv,,,"03., Viehmarktgasse 4",3,,,,https://www.rioca.eu,16.40341166,48.18900997,407502
datagv,,,"01., Bauernmarkt 1",1,,,,https://www.theleogrand.com/,16.37108001,48.20962007,407503
datagv,,,"19., Leopold-Ungar-Platz 3",19,,,,https://www.smartments-business.de/standorte/wien-heiligenstadt,16.36874001,48.24891007,407504
datagv,,,"02., Obere Donaustraße 61",2,,,,https://www.radissonhotels.com/en-us/hotels/radisson-red-vienna,16.37345001,48.21764007,407505
datagv,,,"10., Karl-Popper-Straße 7",10,,,,https://www.radissonhotels.com/de-de/hotels/prize-by-radisson-vienna-city,16.38201601,48.18321607,407506
datagv,,,"15., Sorbaitgasse 14",15,,,,https://www.hotel-bb.com/de/hotel/wien-stadthalle,16.33427001,48.20278007,407507
datagv,,,"05., Rechte Wienzeile 87",5,,,,https://www.ihg.com/hotelindigo/hotels/de/de/vienna/vienr/hoteldetail,16.35511001,48.19326007,407508
datagv,,,"08., Daungasse 1",8,,,,https://dauntownrooms.at/,16.34719001,48.21347007,407509
datagv,,,"22., Dr.-Adolf-Schärf-Platz 6",22,,,,https://www.hilton.com/de/hotels/viedope-spark-vienna-donaustadt/,16.43293001,48.24388007,407510
datagv,,,"03., Ungargasse 38",3,,,,https://www.magdas-hotel.at/de,16.38729111,48.20063387,407511
datagv,,,"14., Hadikgasse 68",14,,,,https://sissi-west.com/,16.30295831,48.18855277,407512
datagv,,,"09., Porzellangasse 53",9,,,,https://www.graetzlhotel.com/de/serviten,16.36128001,48.22528007,407513
datagv,,,"03., Im Erdberger Mais 1",3,,,,https://www.marriott.com/de/hotels/vieoe-moxy-vienna-city-east/overview/,16.4118937,48.19125357,407514
datagv,,,"22., Dr. Adolf-Schärf-Platz 7",22,,,,https://www.discoverasr.com/de/citadines/austria/citadines-danube-vienna,16.43305,48.24380007,407515
datagv,,,"01., Parkring 14-16",1,,,,https://www.almanachotels.com/de/vienna,16.37735001,48.20473007,407516
datagv,,,"09., Althanstraße 8",9,,,,https://aq.arcotel.com/de/,16.36125001,48.23121007,407517
datagv,,,"15., Graumanngasse 3-5",15,,,,http://leonardo-hotels.com,16.33764001,48.18858007,407518
datagv,,,"06., Fillgradergasse 16",6,,,,https://www.urbanauts-stay.com/en/studios/fillgrader,16.35813,48.19980007,407519
datagv,,,"03., Rudolf Sallinger Platz 1",3,,,,https://thehoxton.com/vienna/,16.38119001,48.20136007,407520
datagv,,,"02., Rotensterngasse 16",2,,,,https://alon-homes.at/,16.38290001,48.21767007,407521
datagv,,,"12., Mandlgasse 18",12,,,,https://weltwien.com/das-ist-weltwien/,16.33418001,48.18041007,407522
datagv,,,"05., Margaretenstrasse 92",5,,,,https://maxbrownhotels.com/de/5th-district-wien/,16.35676301,48.18993007,407523
datagv,,,"12., Breitenfurter Straße 12",12,,,,https://www.discoverasr.com/de/lyf/austria/lyf-schonbrunn-vienna,16.31904501,48.16785607,407524
datagv,,,"12., Breitenfurter Straße 10",12,,,,https://www.discoverasr.com/de/somerset-serviced-residence/austria/somerset-schonbrunn-vienna,16.31921901,48.16802207,407525
datagv,,,"13., Swobodagasse 1A",13,,,,http://www.miapeony.com/,16.27755721,48.16232367,407526
datagv,,,"01., Spiegelgasse 9",1,,,,https://www.sobieski-apartments.at/,16.37029001,48.20754007,407527
datagv,,,"15., Schweglerstraße 27",15,,,,https://www.greenleisure-apartments.com/,16.32774001,48.19876007,407528
datagv,,,"03., Nottendorfergasse 13",3,,,,https://www.marriott.com/en-us/hotels/vieri-residence-inn-vienna-city-east/overview/,16.41217101,48.19146707,407529
datagv,,,"12., Rechte Wienzeile 223",12,,,,https://www.h-hotels.com/de/h2/hotels/h2-hotel-wien?gad_source=1&gclid=EAIaIQobChMI353vot3GhgMVGaiDBx04DgbdEAAYASAAEgLwdfD_BwE&gclsrc=aw.ds,16.3268625,48.18354227,407530
datagv,,,"15., Diefenbachgasse 1-3",15,,,,https://www.hilton.com/de/hotels/viecwhx-hampton-vienna-city-west/,16.33578901,48.18701607,407531
datagv,,,"01., Getreidemarkt 16",1,,,,https://houseofble.com/,16.36252001,48.20241007,407532
datagv,,,"02., Bruno-Marek-Allee 5/1",2,,,,https://www.hauspension.at,16.39206601,48.22867807,407533
datagv,,,"20., Handelskai 94-96",20,,,,https://harrys-home.com/wien-millennium-tower/?utm_source=wieninfo25&utm_medium=wieninfo25&utm_campaign=wieninfo25&utm_id=wieninfo25,16.386212,48.24126707,407534
datagv,,,"05., Hartmanngasse 13",5,,,,https://www.urbanauts-stay.com/de/studios/sylvette,16.36239001,48.18912007,407535
datagv,,,"12., Eichenstraße 16",12,,,,https://www.oakhousevienna.com/,16.33081001,48.17451007,407536
datagv,,,"10., Sonnwendgasse 15",10,,,,https://www.zeitgeist-vienna.com/,16.37861171,48.18248107,407537
datagv,,,"02., Ausstellungsstraße 40",2,,,,http://www.motel-one.com,16.40172601,48.21816807,407538
datagv,,,"22., Wagramerstraße",22,,,,https://abyadina.com/en/luxury-hotels/vienna-danube/?check_in=2025-04-27&check_out=2025-04-29&promo_code=&gclid=768dc30c9b991927fa00ab32343032af&gclsrc=3p.ds&msclkid=768dc30c9b991927fa00ab32343032af&utm_source=bing&utm_medium=cpc&utm_campaign=Paid%20Searc,16.45079001,48.25974007,407539
datagv,,,"12., Wurmbstraße 36",12,,,,https://dostepinn-meidling.com/,16.33308001,48.17198007,407540
datagv,,,"01., Habsburgergasse 3",1,,,,https://www.roomsbywolfensson.com/de,16.36874001,48.20854007,407541
datagv,,,"04., Wiedner Hauptstrasse 12",4,,,,https://www.radissonhotels.com/de-de/hotels/radisson-blu-das-triest-wien,16.3673,48.19762007,407542
datagv,,,"19., Heiligenstädter Straße 44",19,,,,https://www.hotel-bb.com/de,16.36292001,48.24931007,407543
datagv,,,"01., Riemergasse 7",1,,,,https://www.mandarinoriental.com/en/vienna,16.37712001,48.20774007,407544
datagv,,,"01., Dominikanerbastei 15",1,,,,https://www.wilde.com/vienna/fleischmarkt,16.38006,48.20911007,407545
datagv,,,"22., Donau-City-Straße 13E",22,,,,https://www.motel-one.com/de/hotels/wien/hotel-wien-donau-city/,16.41067001,48.23651007,407546
